{"cameraMode":{"drawMode":0,"name":"Shaded","section":"Shading Mode"},"sceneLighting":true,"audioPlay":false,"sceneViewState":{"showFog":true,"showMaterialUpdate":false,"showSkybox":true,"showFlares":true,"showImageEffects":true,"showParticleSystems":true},"in2DMode":false,"pivot":{"x":-1.5177068710327149,"y":0.12804719805717469,"z":-0.623009204864502},"rotation":{"x":0.12762388586997987,"y":-0.14200237393379212,"z":0.01847217231988907,"w":0.9814565181732178},"size":7.80818510055542,"orthographic":false}